{"cameraMode":{"drawMode":0,"name":"Shaded","section":"Shading Mode"},"sceneLighting":true,"audioPlay":false,"sceneViewState":{"showFog":true,"showMaterialUpdate":false,"showSkybox":true,"showFlares":true,"showImageEffects":true,"showParticleSystems":true},"in2DMode":false,"pivot":{"x":-16.503520965576173,"y":-4.449326992034912,"z":-4.116154193878174},"rotation":{"x":-0.09508208930492401,"y":0.7239536046981812,"z":-0.10188226401805878,"w":-0.6756261587142944},"size":62.091793060302737,"orthographic":false}